0,17100
,
1,17100
,
2,17132
,
3,17116
,
4,17164
,
5,17116
,
6,17180
,
7,17068
,
8,17132
,
9,17068
,
10,17100
,
11,17036
,
12,17116
,
13,17052
,
14,17100
,
15,17052
,
16,17132
,
17,17036
,
18,17100
,
19,17020
,
20,17164
,
21,17100
,
22,17180
,
23,17116
,
24,17148
,
25,17084
,
26,17164
,
27,17068
,
28,17132
,
29,17084
,
30,17132
,
31,17052
,
32,17148
,
33,17100
,
34,17180
,
35,17116
,
36,17164
,
37,17132
,
38,17196
,
39,17164
,
40,17228
,
41,17180
,
42,17228
,
43,17164
,
44,17212
,
45,17164
,
46,17116
,
47,17180
,
48,17244
,
49,17180
,
50,17244
,
51,17212
,
52,17356
,
53,17260
,
54,17292
,
55,17260
,
56,17260
,
57,17228
,
58,17244
,
59,17180
,
60,17212
,
61,17180
,
62,17212
,
63,17132
,
64,17180
,
65,17100
,
66,17164
,
67,17116
,
68,17180
,
69,17116
,
70,17164
,
71,17100
,
72,17132
,
73,17068
,
74,17084
,
75,17084
,
76,17116
,
77,17020
,
78,17116
,
79,17052
,
80,17116
,
81,17036
,
82,17084
,
83,17052
,
84,17180
,
85,17116
,
86,17084
,
87,17116
,
88,17116
,
89,17084
,
90,17132
,
91,17068
,
92,17132
,
93,17084
,
94,17148
,
95,17100
,
96,17164
,
97,17084
,
98,17196
,
99,17132
,
100,17164
,
101,17196
,
102,17212
,
103,17148
,
104,17244
,
105,17164
,
106,17228
,
107,17164
,
108,17276
,
109,17196
,
110,17276
,
111,17196
,
112,17260
,
113,17164
,
114,17308
,
115,17244
,
116,17324
,
117,17420
,
118,17308
,
119,17228
,
120,17260
,
121,17180
,
122,17212
,
123,17132
,
124,17212
,
125,17148
,
126,17180
,
127,17116
,
128,17196
,
129,17100
,
130,17164
,
131,17084
,
132,17164
,
133,17084
,
134,17132
,
135,17052
,
136,17132
,
137,17068
,
138,17100
,
139,17084
,
140,17100
,
141,17052
,
142,17132
,
143,17036
,
144,17132
,
145,17052
,
146,17036
,
147,17100
,
148,17212
,
149,17100
,
150,17148
,
151,17084
,
152,17164
,
153,17068
,
154,17180
,
155,17052
,
156,17132
,
157,17068
,
158,17164
,
159,17084
,
160,17180
,
161,17116
,
162,17180
,
163,17132
,
164,17196
,
165,17148
,
166,17196
,
167,17132
,
168,17100
,
169,17132
,
170,17228
,
171,17180
,
172,17228
,
173,17164
,
174,17228
,
175,17148
,
176,17260
,
177,17212
,
178,17308
,
179,17324
,
180,17308
,
181,17196
,
182,17276
,
183,17196
,
184,17244
,
185,17148
,
186,17212
,
187,17132
,
188,17212
,
189,17132
,
190,17196
,
191,17116
,
192,17164
,
193,17116
,
194,17164
,
195,17084
,
196,17180
,
197,17116
,
198,17164
,
199,17084
,
200,17100
,
201,17052
,
202,17132
,
203,17068
,
204,17164
,
205,17084
,
206,17132
,
207,17036
,
208,17100
,
209,17084
,
210,17212
,
211,17084
,
212,17164
,
213,17116
,
214,17148
,
215,17068
,
216,17132
,
217,17084
,
218,17116
,
219,17068
,
220,17100
,
221,17084
,
222,17148
,
223,17100
,
224,17148
,
225,17100
,
226,17180
,
227,17084
,
228,17180
,
229,17132
,
230,17212
,
231,17148
,
232,17228
,
233,17164
,
234,17260
,
235,17132
,
236,17228
,
237,17164
,
238,17260
,
239,17164
,
240,17308
,
241,17260
,
242,17340
,
243,17244
,
244,17308
,
245,17308
,
246,17244
,
247,17196
,
248,17228
,
249,17164
,
250,17212
,
251,17164
,
252,17212
,
253,17116
,
254,17180
,
255,17132
,
256,17164
,
257,17132
,
258,17180
,
259,17132
,
260,17148
,
261,17100
,
262,17164
,
263,17100
,
264,17148
,
265,17084
,
266,17100
,
267,17100
,
268,17148
,
269,17068
,
270,17052
,
271,17036
,
272,17116
,
273,17132
,
274,17212
,
275,17148
,
276,17196
,
277,17116
,
278,17164
,
279,17084
,
280,17132
,
281,17100
,
282,17132
,
283,17068
,
284,17148
,
285,17100
,
286,17164
,
287,17100
,
288,17180
,
289,17116
,
290,17180
,
291,17148
,
292,17196
,
293,17116
,
294,17212
,
295,17148
,
296,17244
,
297,17148
,
298,17260
,
299,17148
,
300,17276
,
301,17244
,
302,17260
,
303,17244
,
304,17292
,
305,17244
,
306,17308
,
307,17228
,
308,17276
,
309,17196
,
310,17244
,
311,17148
,
312,17212
,
313,17132
,
314,17212
,
315,17164
,
316,17180
,
317,17116
,
318,17164
,
319,17100
,
320,17180
,
321,17116
,
322,17180
,
323,17084
,
324,17164
,
325,17068
,
326,17132
,
327,17084
,
328,17164
,
329,17084
,
330,17116
,
331,17084
,
332,17116
,
333,17084
,
334,17132
,
335,17084
,
336,17116
,
337,17164
,
338,17212
,
339,17148
,
340,17180
,
341,17068
,
342,17164
,
343,17084
,
344,17196
,
345,17100
,
346,17180
,
347,17100
,
348,17164
,
349,17116
,
350,17196
,
351,17180
,
352,17196
,
353,17148
,
354,17196
,
355,17100
,
356,17180
,
357,17164
,
358,17196
,
359,17132
,
360,17212
,
361,17228
,
362,17228
,
363,17196
,
364,17212
,
365,17180
,
366,17276
,
367,17244
,
368,17292
,
369,17244
,
370,17244
,
371,17228
,
372,17164
,
373,17164
,
374,17228
,
375,17148
,
376,17212
,
377,17132
,
378,17196
,
379,17132
,
380,17180
,
381,17132
,
382,17212
,
383,17116
,
384,17180
,
385,17132
,
386,17196
,
387,17132
,
388,17196
,
389,17084
,
390,17164
,
391,17084
,
392,17020
,
393,17084
,
394,17132
,
395,17068
,
396,17116
,
397,17084
,
398,17212
,
399,17100
,
400,17196
,
401,17260
,
402,17276
,
403,17116
,
404,17164
,
405,17100
,
406,17148
,
407,17068
,
408,17132
,
409,17068
,
410,17132
,
411,17084
,
412,17164
,
413,17116
,
414,17164
,
415,17116
,
416,17164
,
417,17132
,
418,17196
,
419,17132
,
420,17196
,
421,17164
,
422,17196
,
423,17196
,
424,17212
,
425,17180
,
426,17244
,
427,17196
,
428,17244
,
429,17212
,
430,17276
,
431,17244
,
432,17180
,
433,17228
,
434,17276
,
435,17212
,
436,17196
,
437,17148
,
438,17212
,
439,17132
,
440,17196
,
441,17132
,
442,17196
,
443,17084
,
444,17148
,
445,17068
,
446,17148
,
447,17116
,
448,17148
,
449,17084
,
450,17132
,
451,17052
,
452,17148
,
453,17052
,
454,17116
,
455,17068
,
456,17164
,
457,17068
,
458,17132
,
459,17084
,
460,17148
,
461,17084
,
462,17132
,
463,17116
,
464,17196
,
465,17116
,
466,17212
,
467,17100
,
468,17164
,
469,17100
,
470,17180
,
471,17100
,
472,17148
,
473,17116
,
474,17196
,
475,17132
,
476,17196
,
477,17132
,
478,17196
,
479,17100
,
480,17148
,
481,17132
,
482,17196
,
483,17212
,
484,17196
,
485,17148
,
486,17244
,
487,17164
,
488,17212
,
489,17164
,
490,17228
,
491,17180
,
492,17260
,
493,17228
,
494,17292
,
495,17196
,
496,17292
,
497,17180
,
498,17228
,
499,17164
,
500,17228
,
501,17148
,
502,17228
,
503,17116
,
504,17196
,
505,17132
,
506,17180
,
507,17132
,
508,17180
,
509,17084
,
510,17212
,
511,17084
,
512,17164
,
513,17100
,
514,17164
,
515,17084
,
516,17148
,
517,17084
,
518,17100
,
519,17100
,
520,17164
,
521,17100
,
522,17164
,
523,17164
,
524,17164
,
525,17228
,
526,17212
,
527,17180
,
528,17228
,
529,17116
,
530,17212
,
531,17116
,
532,17164
,
533,17132
,
534,17180
,
535,17100
,
536,17164
,
537,17100
,
538,17196
,
539,17116
,
540,17196
,
541,17116
,
542,17244
,
543,17164
,
544,17196
,
545,17164
,
546,17196
,
547,17148
,
548,17292
,
549,17164
,
550,17196
,
551,17164
,
552,17228
,
553,17148
,
554,17228
,
555,17196
,
556,17276
,
557,17244
,
558,17292
,
559,17228
,
560,17276
,
561,17228
,
562,17260
,
563,17132
,
564,17212
,
565,17132
,
566,17180
,
567,17164
,
568,17180
,
569,17132
,
570,17180
,
571,17116
,
572,17164
,
573,17100
,
574,17148
,
575,17084
,
576,17148
,
577,17052
,
578,17100
,
579,17052
,
580,17132
,
581,17052
,
582,17116
,
583,17052
,
584,17116
,
585,17084
,
586,17068
,
587,17084
,
588,17212
,
589,17164
,
590,17212
,
591,17148
,
592,17164
,
593,17132
,
594,17164
,
595,17100
,
596,17164
,
597,17100
,
598,17196
,
599,17116
,
600,17196
,
601,17132
,
602,17212
,
603,17148
,
604,17212
,
605,17212
,
606,17228
,
607,17180
,
608,17212
,
609,17180
,
610,17212
,
611,17164
,
612,17212
,
613,17180
,
614,17164
,
615,17164
,
616,17212
,
617,17212
,
618,17276
,
619,17196
,
620,17292
,
621,17212
,
622,17292
,
623,17180
,
624,17276
,
625,17244
,
626,17196
,
627,17116
,
628,17148
,
629,17116
,
630,17196
,
631,17100
,
632,17148
,
633,17100
,
634,17180
,
635,17052
,
636,17132
,
637,17084
,
638,17116
,
639,17068
,
640,17132
,
641,17068
,
642,17148
,
643,17052
,
644,17132
,
645,17052
,
646,17132
,
647,17052
,
648,17116
,
649,17084
,
650,17116
,
651,17100
,
652,17180
,
653,17148
,
654,17196
,
655,17116
,
656,17196
,
657,17100
,
658,17068
,
659,17084
,
660,17164
,
661,17100
,
662,17180
,
663,17100
,
664,17180
,
665,17100
,
666,17196
,
667,17148
,
668,17164
,
669,17116
,
670,17196
,
671,17148
,
672,17212
,
673,17276
,
674,17228
,
675,17180
,
676,17228
,
677,17164
,
678,17196
,
679,17148
,
680,17228
,
681,17212
,
682,17260
,
683,17244
,
684,17292
,
685,17244
,
686,17324
,
687,17180
,
688,17260
,
689,17148
,
690,17196
,
691,17132
,
692,17260
,
693,17100
,
694,17180
,
695,17100
,
696,17148
,
697,17100
,
698,17132
,
699,17084
,
700,17148
,
701,17084
,
702,17100
,
703,17068
,
704,17132
,
705,17036
,
706,17116
,
707,17052
,
708,17132
,
709,17020
,
710,17116
,
711,17020
,
712,17116
,
713,17036
,
714,17068
,
715,17068
,
716,17276
,
717,17132
,
718,17132
,
719,17116
,
720,17132
,
721,17084
,
722,17148
,
723,17084
,
724,17132
,
725,17068
,
726,17148
,
727,17084
,
728,17180
,
729,17148
,
730,17132
,
731,17132
,
732,17212
,
733,17148
,
734,17212
,
735,17164
,
736,17276
,
737,17180
,
738,17228
,
739,17180
,
740,17260
,
741,17180
,
742,17244
,
743,17180
,
744,17260
,
745,17436
,
746,17356
,
747,17292
,
748,17308
,
749,17228
,
750,17308
,
751,17180
,
752,17212
,
753,17148
,
754,17196
,
755,17116
,
756,17180
,
757,17116
,
758,17180
,
759,17068
,
760,17132
,
761,17036
,
762,17132
,
763,17084
,
764,17116
,
765,17052
,
766,17132
,
767,17068
,
768,17116
,
769,17020
,
770,17100
,
771,17020
,
772,17068
,
773,17068
,
774,17084
,
775,17036
,
776,17100
,
777,17068
,
778,17148
,
779,17116
,
780,17180
,
781,17116
,
782,17180
,
783,17052
,
784,17180
,
785,17084
,
786,17148
,
787,17148
,
788,17148
,
789,17084
,
790,17180
,
791,17132
,
792,17212
,
793,17148
,
794,17228
,
795,17148
,
796,17212
,
797,17148
,
798,17212
,
799,17132
,
800,17244
,
801,17196
,
802,17212
,
803,17180
,
804,17244
,
805,17180
,
806,17260
,
807,17148
,
808,17308
,
809,17244
,
810,17324
,
811,17228
,
812,17292
,
813,17212
,
814,17260
,
815,17148
,
816,17228
,
817,17164
,
818,17180
,
819,17132
,
820,17164
,
821,17100
,
822,17148
,
823,17068
,
824,17148
,
825,17084
,
826,17116
,
827,17084
,
828,17132
,
829,17084
,
830,17132
,
831,17020
,
832,17132
,
833,17036
,
834,17116
,
835,17036
,
836,17100
,
837,17052
,
838,17004
,
839,17052
,
840,17164
,
841,17100
,
842,17180
,
843,17116
,
844,17148
,
845,17068
,
846,17132
,
847,17084
,
848,17132
,
849,17052
,
850,17148
,
851,17068
,
852,17132
,
853,17068
,
854,17180
,
855,17148
,
856,17196
,
857,17148
,
858,17244
,
859,17132
,
860,17212
,
861,17132
,
862,17228
,
863,17180
,
864,17244
,
865,17196
,
866,17260
,
867,17212
,
868,17260
,
869,17196
,
870,17260
,
871,17244
,
872,17308
,
873,17276
,
874,17340
,
875,17244
,
876,17308
,
877,17196
,
878,17180
,
879,17180
,
880,17212
,
881,17148
,
882,17212
,
883,17116
,
884,17196
,
885,17100
,
886,17164
,
887,17084
,
888,17164
,
889,17084
,
890,17164
,
891,17084
,
892,17132
,
893,17068
,
894,17148
,
895,17068
,
896,17116
,
897,17036
,
898,17148
,
899,17036
,
900,17068
,
901,17020
,
902,17116
,
903,17052
,
904,17116
,
905,17084
,
906,17180
,
907,17116
,
908,17196
,
909,17084
,
910,17116
,
911,17068
,
912,17148
,
913,17100
,
914,17180
,
915,17100
,
916,17164
,
917,17116
,
918,17164
,
919,17116
,
920,17212
,
921,17148
,
922,17228
,
923,17244
,
924,17228
,
925,17180
,
926,17244
,
927,17148
,
928,17292
,
929,17228
,
930,17212
,
931,17164
,
932,17260
,
933,17212
,
934,17276
,
935,17260
,
936,17356
,
937,17276
,
938,17644
,
939,17228
,
940,17260
,
941,17196
,
942,17228
,
943,17132
,
944,17180
,
945,17132
,
946,17180
,
947,17116
,
948,17164
,
949,17116
,
950,17164
,
951,17068
,
952,17132
,
953,17084
,
954,17148
,
955,17052
,
956,17116
,
957,17084
,
958,17116
,
959,17036
,
960,17100
,
961,17052
,
962,17100
,
963,17036
,
964,17084
,
965,17004
,
966,17116
,
967,17084
,
968,17196
,
969,17196
,
970,17164
,
971,17052
,
972,17132
,
973,17084
,
974,17116
,
975,17068
,
976,17164
,
977,17068
,
978,17148
,
979,17084
,
980,17180
,
981,17100
,
982,17180
,
983,17100
,
984,17180
,
985,17148
,
986,17196
,
987,17132
,
988,17212
,
989,17164
,
990,17228
,
991,17148
,
992,17212
,
993,17196
,
994,17212
,
995,17148
,
996,17212
,
997,17212
,
998,17276
,
999,17244
,
1000,17292
,
1001,17228
,
1002,17308
,
1003,17212
,
1004,17260
,
1005,17164
,
1006,17196
,
1007,17132
,
1008,17196
,
1009,17116
,
1010,17196
,
1011,17100
,
1012,17196
,
1013,17116
,
1014,17148
,
1015,17084
,
1016,17164
,
1017,17084
,
1018,17164
,
1019,17068
,
1020,17132
,
1021,17036
,
1022,17100
,
1023,17052
,
1024,17036
,
1025,17052
,
1026,17084
,
1027,17036
,
1028,17116
,
1029,17036
,
1030,17148
,
1031,17100
,
1032,17148
,
1033,17052
,
1034,17132
,
1035,17036
,
1036,17100
,
1037,17036
,
1038,17100
,
1039,17052
,
1040,17148
,
1041,17052
,
1042,17164
,
1043,17100
,
1044,17196
,
1045,17116
,
1046,17164
,
1047,17100
,
1048,17228
,
1049,17100
,
1050,17212
,
1051,17180
,
1052,17148
,
1053,17180
,
1054,17212
,
1055,17180
,
1056,17260
,
1057,17164
,
1058,17212
,
1059,17196
,
1060,17292
,
1061,17228
,
1062,17340
,
1063,17244
,
1064,17276
,
1065,17244
,
1066,17260
,
1067,17244
,
1068,17244
,
1069,17212
,
1070,17212
,
1071,17132
,
1072,17196
,
1073,17100
,
1074,17196
,
1075,17116
,
1076,17180
,
1077,17084
,
1078,17148
,
1079,17084
,
1080,17116
,
1081,17084
,
1082,17132
,
1083,17036
,
1084,17132
,
1085,17036
,
1086,17116
,
1087,17052
,
1088,17084
,
1089,17036
,
1090,17084
,
1091,17004
,
1092,17116
,
1093,17068
,
1094,17164
,
1095,17100
,
1096,17164
,
1097,17084
,
1098,17132
,
1099,17052
,
1100,17132
,
1101,17052
,
1102,17132
,
1103,17068
,
1104,17132
,
1105,17052
,
1106,17164
,
1107,17100
,
1108,17180
,
1109,17132
,
1110,17164
,
1111,17100
,
1112,17196
,
1113,17116
,
1114,17164
,
1115,17116
,
1116,17196
,
1117,17132
,
1118,17228
,
1119,17164
,
1120,17212
,
1121,17148
,
1122,17292
,
1123,17164
,
1124,17276
,
1125,17212
,
1126,17292
,
1127,17196
,
1128,17292
,
1129,17212
,
1130,17244
,
1131,17148
,
1132,17196
,
1133,17132
,
1134,17196
,
1135,17196
,
1136,17180
,
1137,17116
,
1138,17164
,
1139,17100
,
1140,17148
,
1141,17100
,
1142,17132
,
1143,17084
,
1144,17148
,
1145,17068
,
1146,17132
,
1147,17052
,
1148,17132
,
1149,17068
,
1150,17148
,
1151,17036
,
1152,17132
,
1153,17052
,
1154,17116
,
1155,17052
,
1156,17132
,
1157,17084
,
1158,17084
,
1159,17116
,
1160,17036
,
1161,17084
,
1162,17132
,
1163,17052
,
1164,17116
,
1165,17052
,
1166,17116
,
1167,17052
,
1168,17148
,
1169,17084
,
1170,17148
,
1171,17100
,
1172,17196
,
1173,17132
,
1174,17196
,
1175,17100
,
1176,17164
,
1177,17148
,
1178,17196
,
1179,17116
,
1180,17196
,
1181,17132
,
1182,17180
,
1183,17148
,
1184,17212
,
1185,17164
,
1186,17260
,
1187,17212
,
1188,17276
,
1189,17324
,
1190,17260
,
1191,17228
,
1192,17228
,
1193,17180
,
1194,17244
,
1195,17148
,
1196,17196
,
1197,17132
,
1198,17196
,
1199,17132
,
1200,17196
,
1201,17132
,
1202,17180
,
1203,17116
,
1204,17164
,
1205,17100
,
1206,17148
,
1207,17068
,
1208,17148
,
1209,17084
,
1210,17132
,
1211,17100
,
1212,17100
,
1213,17052
,
1214,17116
,
1215,17036
,
1216,17116
,
1217,17068
,
1218,17100
,
1219,17052
,
1220,17132
,
1221,17100
,
1222,17196
,
1223,17068
,
1224,17132
,
1225,17052
,
1226,17116
,
1227,17052
,
1228,17116
,
1229,17068
,
1230,17148
,
1231,17084
,
1232,17148
,
1233,17116
,
1234,17164
,
1235,17100
,
1236,17148
,
1237,17084
,
1238,17164
,
1239,17100
,
1240,17180
,
1241,17116
,
1242,17196
,
1243,17132
,
1244,17212
,
1245,17244
,
1246,17212
,
1247,17132
,
1248,17212
,
1249,17228
,
1250,17260
,
1251,17244
,
1252,17292
,
1253,17212
,
1254,17276
,
1255,17196
,
1256,17228
,
1257,17164
,
1258,17196
,
1259,17116
,
1260,17164
,
1261,17084
,
1262,17180
,
1263,17084
,
1264,17180
,
1265,17116
,
1266,17148
,
1267,17084
,
1268,17116
,
1269,17084
,
1270,17132
,
1271,17068
,
1272,17116
,
1273,17068
,
1274,17132
,
1275,17036
,
1276,17084
,
1277,17084
,
1278,17132
,
1279,17100
,
1280,17132
,
1281,17020
,
1282,17244
,
1283,17068
,
1284,17196
,
1285,17132
,
1286,17164
,
1287,17084
,
1288,17180
,
1289,17068
,
1290,17132
,
1291,17084
,
1292,17148
,
1293,17068
,
1294,17164
,
1295,17116
,
1296,17164
,
1297,17100
,
1298,17212
,
1299,17084
,
1300,17164
,
1301,17084
,
1302,17100
,
1303,17132
,
1304,17212
,
1305,17116
,
1306,17164
,
1307,17116
,
1308,17196
,
1309,17164
,
1310,17196
,
1311,17228
,
1312,17212
,
1313,17212
,
1314,17244
,
1315,17212
,
1316,17276
,
1317,17212
,
1318,17244
,
1319,17148
,
1320,17212
,
1321,17132
,
1322,17180
,
1323,17116
,
1324,17164
,
1325,17116
,
1326,17180
,
1327,17100
,
1328,17180
,
1329,17116
,
1330,17164
,
1331,17084
,
1332,17148
,
1333,17116
,
1334,17148
,
1335,17084
,
1336,17132
,
1337,17068
,
1338,17132
,
1339,17084
,
1340,17116
,
1341,17084
,
1342,17068
,
1343,17068
,
1344,17148
,
1345,17116
,
1346,17164
,
1347,17116
,
1348,17180
,
1349,17116
,
1350,17180
,
1351,17084
,
1352,17132
,
1353,17052
,
1354,17148
,
1355,17068
,
1356,17132
,
1357,17116
,
1358,17180
,
1359,17100
,
1360,17164
,
1361,17100
,
1362,17180
,
1363,17116
,
1364,17148
,
1365,17132
,
1366,17212
,
1367,17132
,
1368,17212
,
1369,17148
,
1370,17260
,
1371,17148
,
1372,17212
,
1373,17196
,
1374,17228
,
1375,17196
,
1376,17212
,
1377,17244
,
1378,17292
,
1379,17244
,
1380,17292
,
1381,17212
,
1382,17228
,
1383,17148
,
1384,17212
,
1385,17132
,
1386,17164
,
1387,17132
,
1388,17164
,
1389,17116
,
1390,17164
,
1391,17116
,
1392,17148
,
1393,17084
,
1394,17100
,
1395,17052
,
1396,17068
,
1397,17052
,
1398,17132
,
1399,17100
,
1400,17100
,
1401,17036
,
1402,17132
,
1403,17052
,
1404,17196
,
1405,17052
,
1406,17084
,
1407,17052
,
1408,17116
,
1409,17148
,
1410,17196
,
1411,17132
,
1412,17196
,
1413,17212
,
1414,17164
,
1415,17116
,
1416,17164
,
1417,17100
,
1418,17148
,
1419,17100
,
1420,17164
,
1421,17116
,
1422,17148
,
1423,17116
,
1424,17212
,
1425,17116
,
1426,17196
,
1427,17164
,
1428,17212
,
1429,17132
,
1430,17196
,
1431,17132
,
1432,17212
,
1433,17180
,
1434,17244
,
1435,17180
,
1436,17228
,
1437,17164
,
1438,17228
,
1439,17196
,
1440,17260
,
1441,17228
,
1442,17292
,
1443,17196
,
1444,17340
,
1445,17196
,
1446,17196
,
1447,17100
,
1448,17164
,
1449,17116
,
1450,17164
,
1451,17100
,
1452,17148
,
1453,17084
,
1454,17148
,
1455,17068
,
1456,17164
,
1457,17084
,
1458,17148
,
1459,17068
,
1460,17180
,
1461,17084
,
1462,17148
,
1463,17068
,
1464,17148
,
1465,17084
,
1466,17132
,
1467,17084
,
1468,17164
,
1469,17068
,
1470,17132
,
1471,17084
,
1472,17196
,
1473,17148
,
1474,17260
,
1475,17116
,
1476,17164
,
1477,17084
,
1478,17132
,
1479,17084
,
1480,17164
,
1481,17084
,
1482,17164
,
1483,17116
,
1484,17164
,
1485,17116
,
1486,17180
,
1487,17116
,
1488,17164
,
1489,17132
,
1490,17196
,
1491,17132
,
1492,17180
,
1493,17212
,
1494,17180
,
1495,17276
,
1496,17228
,
1497,17116
,
1498,17228
,
1499,17164
,
1500,17228
,
1501,17180
,
1502,17260
,
1503,17196
,
1504,17164
,
1505,17228
,
1506,17308
,
1507,17196
,
1508,17244
,
1509,17164
,
1510,17196
,
1511,17132
,
1512,17196
,
1513,17084
,
1514,17244
,
1515,17084
,
1516,17164
,
1517,17132
,
1518,17164
,
1519,17068
,
1520,17116
,
1521,17052
,
1522,17132
,
1523,17052
,
1524,17116
,
1525,17052
,
1526,17132
,
1527,17036
,
1528,17132
,
1529,17052
,
1530,17164
,
1531,17084
,
1532,17116
,
1533,17052
,
1534,17132
,
1535,17196
,
1536,17212
,
1537,17132
,
1538,17196
,
1539,17084
,
1540,17148
,
1541,17084
,
1542,17148
,
1543,17084
,
1544,17164
,
1545,17116
,
1546,17164
,
1547,17116
,
1548,17212
,
1549,17100
,
1550,17148
,
1551,17164
,
1552,17116
,
1553,17148
,
1554,17212
,
1555,17132
,
1556,17244
,
1557,17148
,
1558,17228
,
1559,17148
,
1560,17244
,
1561,17148
,
1562,17212
,
1563,17164
,
1564,17212
,
1565,17148
,
1566,17324
,
1567,17260
,
1568,17260
,
1569,17212
,
1570,17260
,
1571,17180
,
1572,17196
,
1573,17116
,
1574,17212
,
1575,17116
,
1576,17180
,
1577,17100
,
1578,17148
,
1579,17052
,
1580,17148
,
1581,17068
,
1582,17148
,
1583,17068
,
1584,17148
,
1585,17084
,
1586,17116
,
1587,17068
,
1588,17148
,
1589,17052
,
1590,17148
,
1591,17052
,
1592,17148
,
1593,17052
,
1594,17100
,
1595,17132
,
1596,17132
,
1597,17164
,
1598,17180
,
1599,17148
,
1600,17228
,
1601,17164
,
1602,17164
,
1603,17068
,
1604,17164
,
1605,17036
,
1606,17116
,
1607,17116
,
1608,17164
,
1609,17116
,
1610,17196
,
1611,17132
,
1612,17212
,
1613,17164
,
1614,17180
,
1615,17164
,
1616,17212
,
1617,17148
,
1618,17212
,
1619,17164
,
1620,17244
,
1621,17164
,
1622,17212
,
1623,17180
,
1624,17196
,
1625,17180
,
1626,17132
,
1627,17180
,
1628,17260
,
1629,17212
,
1630,17340
,
1631,17228
,
1632,17308
,
1633,17164
,
1634,17244
,
1635,17132
,
1636,17196
,
1637,17116
,
1638,17196
,
1639,17148
,
1640,17196
,
1641,17116
,
1642,17164
,
1643,17084
,
1644,17164
,
1645,17084
,
1646,17116
,
1647,17068
,
1648,17132
,
1649,17052
,
1650,17132
,
1651,17052
,
1652,17100
,
1653,17068
,
1654,17100
,
1655,17068
,
1656,17116
,
1657,17036
,
1658,17100
,
1659,17036
,
1660,17084
,
1661,17068
,
1662,17196
,
1663,17132
,
1664,17196
,
1665,17084
,
1666,17196
,
1667,17084
,
1668,17148
,
1669,17084
,
1670,17164
,
1671,17068
,
1672,17164
,
1673,17100
,
1674,17180
,
1675,17116
,
1676,17196
,
1677,17148
,
1678,17180
,
1679,17132
,
1680,17212
,
1681,17164
,
1682,17212
,
1683,17164
,
1684,17164
,
1685,17180
,
1686,17244
,
1687,17180
,
1688,17276
,
1689,17164
,
1690,17244
,
1691,17228
,
1692,17292
,
1693,17260
,
1694,17292
,
1695,17356
,
1696,17308
,
1697,17260
,
1698,17260
,
1699,17164
,
1700,17212
,
1701,17132
,
1702,17212
,
1703,17132
,
1704,17196
,
1705,17100
,
1706,17164
,
1707,17084
,
1708,17148
,
1709,17084
,
1710,17148
,
1711,17052
,
1712,17116
,
1713,17052
,
1714,17084
,
1715,17100
,
1716,17116
,
1717,17052
,
1718,17116
,
1719,17068
,
1720,17116
,
1721,17052
,
1722,17132
,
1723,17052
,
1724,17148
,
1725,17116
,
1726,17180
,
1727,17132
,
1728,17196
,
1729,17100
,
1730,17052
,
1731,17100
,
1732,17148
,
1733,17084
,
1734,17180
,
1735,17116
,
1736,17212
,
1737,17148
,
1738,17212
,
1739,17148
,
1740,17212
,
1741,17164
,
1742,17244
,
1743,17164
,
1744,17180
,
1745,17164
,
1746,17132
,
1747,17212
,
1748,17228
,
1749,17148
,
1750,17276
,
1751,17180
,
1752,17260
,
1753,17196
,
1754,17276
,
1755,17260
,
1756,17356
,
1757,17260
,
1758,17308
,
1759,17292
,
1760,17244
,
1761,17180
,
1762,17228
,
1763,17116
,
1764,17228
,
1765,17116
,
1766,17196
,
1767,17132
,
1768,17180
,
1769,17100
,
1770,17148
,
1771,17100
,
1772,17164
,
1773,17084
,
1774,17148
,
1775,17084
,
1776,17116
,
1777,17068
,
1778,17148
,
1779,17068
,
1780,17132
,
1781,17068
,
1782,17132
,
1783,17052
,
1784,17132
,
1785,17068
,
1786,17084
,
1787,17084
,
1788,17196
,
1789,17132
,
1790,17164
,
1791,17132
,
1792,17148
,
1793,17084
,
1794,17132
,
1795,17084
,
1796,17148
,
1797,17068
,
1798,17164
,
1799,17132
,
1800,17180
,
1801,17132
,
1802,17180
,
1803,17132
,
1804,17212
,
1805,17164
,
1806,17212
,
1807,17164
,
1808,17196
,
1809,17180
,
1810,17228
,
1811,17180
,
1812,17244
,
1813,17164
,
1814,17260
,
1815,17196
,
1816,17308
,
1817,17340
,
1818,17308
,
1819,17212
,
1820,17356
,
1821,17292
,
1822,17324
,
1823,17244
,
1824,17276
,
1825,17180
,
1826,17228
,
1827,17164
,
1828,17212
,
1829,17148
,
1830,17212
,
1831,17132
,
1832,17180
,
1833,17116
,
1834,17164
,
1835,17116
,
1836,17180
,
1837,17116
,
1838,17132
,
1839,17052
,
1840,17132
,
1841,17052
,
1842,17132
,
1843,17036
,
1844,17164
,
1845,17020
,
1846,17084
,
1847,17020
,
1848,17100
,
1849,17068
,
1850,17164
,
1851,17100
,
1852,17196
,
1853,17132
,
1854,17132
,
1855,17052
,
1856,17148
,
1857,17084
,
1858,17164
,
1859,17100
,
1860,17164
,
1861,17100
,
1862,17132
,
1863,17116
,
1864,17196
,
1865,17132
,
1866,17196
,
1867,17164
,
1868,17228
,
1869,17132
,
1870,17260
,
1871,17180
,
1872,17244
,
1873,17164
,
1874,17228
,
1875,17212
,
1876,17244
,
1877,17324
,
1878,17244
,
1879,17196
,
1880,17308
,
1881,17228
,
1882,17324
,
1883,17260
,
1884,17340
,
1885,17260
,
1886,17196
,
1887,17148
,
1888,17260
,
1889,17228
,
1890,17196
,
1891,17148
,
1892,17212
,
1893,17132
,
1894,17180
,
1895,17132
,
1896,17180
,
1897,17100
,
1898,17164
,
1899,17068
,
1900,17164
,
1901,17084
,
1902,17132
,
1903,17084
,
1904,17148
,
1905,17068
,
1906,17148
,
1907,17068
,
1908,17212
,
1909,17036
,
1910,17100
,
1911,17068
,
1912,17132
,
1913,17052
,
1914,17180
,
1915,17100
,
1916,17180
,
1917,17212
,
1918,17164
,
1919,17084
,
1920,17148
,
1921,17084
,
1922,17148
,
1923,17084
,
1924,17164
,
1925,17084
,
1926,17180
,
1927,17132
,
1928,17164
,
1929,17132
,
1930,17180
,
1931,17132
,
1932,17196
,
1933,17132
,
1934,17212
,
1935,17164
,
1936,17212
,
1937,17164
,
1938,17244
,
1939,17196
,
1940,17228
,
1941,17196
,
1942,17276
,
1943,17196
,
1944,17308
,
1945,17244
,
1946,17324
,
1947,17244
,
1948,17420
,
1949,17228
,
1950,17292
,
1951,17180
,
1952,17244
,
1953,17164
,
1954,17244
,
1955,17132
,
1956,17164
,
1957,17164
,
1958,17228
,
1959,17132
,
1960,17196
,
1961,17164
,
1962,17164
,
1963,17100
,
1964,17148
,
1965,17100
,
1966,17148
,
1967,17068
,
1968,17148
,
1969,17068
,
1970,17148
,
1971,17036
,
1972,17132
,
1973,17020
,
1974,17148
,
1975,17068
,
1976,17132
,
1977,17116
,
1978,17196
,
1979,17164
,
1980,17052
,
1981,17132
,
1982,17164
,
1983,17068
,
1984,17132
,
1985,17068
,
1986,17180
,
1987,17068
,
1988,17164
,
1989,17084
,
1990,17164
,
1991,17116
,
1992,17180
,
1993,17116
,
1994,17196
,
1995,17180
,
1996,17212
,
1997,17180
,
1998,17228
,
1999,17324
,
2000,17260
,
2001,17228
,
2002,17228
,
2003,17180
,
2004,17276
,
2005,17196
,
2006,17276
,
2007,17276
,
2008,17324
,
2009,17276
,
2010,17356
,
2011,17276
,
2012,17324
,
2013,17228
,
2014,17228
,
2015,17148
,
2016,17212
,
2017,17148
,
2018,17196
,
2019,17164
,
2020,17196
,
2021,17116
,
2022,17180
,
2023,17116
,
2024,17164
,
2025,17068
,
2026,17164
,
2027,17068
,
2028,17132
,
2029,17068
,
2030,17132
,
2031,17036
,
2032,17100
,
2033,17068
,
2034,17116
,
2035,17020
,
2036,17100
,
2037,17004
,
2038,17116
,
2039,17100
,
2040,17132
,
2041,17100
,
2042,17164
,
2043,17100
,
2044,17164
,
2045,17084
,
2046,17132
,
2047,17052